Fmax_N,stroke_m,dp_q95_Pa,dT_C,cav95,Q95_m3s
1321179.90745583,0.149100679591111,13089.5426772989,1.72373603390952e-07,0.888888888888889,1.10225978273431e-07
