d_o_mm,n_orf,PF_tau,PF_gain,Cd0,CdInf,p_exp,Lori_mm,hA_W_perK,Dp_mm,d_w_mm,D_m_mm,n_turn,mu_ref,f1,f2,PFA_w,IDR_w,pen,pen_dP,pen_Qcap,pen_cav,pen_T,pen_mu,x10_max_damperli,a10abs_max_damperli,dP95_worst,Qcap95_worst,cav_pct_worst,T_end_worst,mu_end_worst,PF_p95_worst,Q_q50_worst,Q_q95_worst,dP_orf_q50_worst,dP_orf_q95_worst,T_oil_end_worst,T_steel_end_worst,energy_tot_sum,E_orifice_sum,E_struct_sum,E_ratio,P_mech_sum
2.35789035333262,7,0.254385145370873,3.80643955721736,0.550067712310451,1.03798662995221,1.29311470239149,148.399866563061,606.463142426602,249.941276140214,12.5602987444181,105.2772186672,8,1.34177665234249,6.6409578491028,0.00314097453710994,6.6409578491028,0.00314097453710994,0,0,0,0,0,0,0.0893316029905707,12.6704565313539,39017595.4914009,0.108517765784241,0,74.7160205187223,0.707368399674816,19871187.4220323,0.00500755020252836,0.00525609690911961,35579659.3378094,39017595.4914009,74.7160205187223,0,260231005.299207,226984675.549135,33246329.7500728,6.82736041107327,0
2.47588366765071,6,0.358745731813219,2.48036597870465,0.534756316105665,0.99816191063567,1.29188564112454,127.853093744769,540.954627154714,249.782323061649,14.1714956642416,104.04388074356,10,1.19912354403526,5.36137446428814,0.00342081959887081,5.36137446428814,0.00342081959887081,0,0,0,0,0,0,0.0959907941529502,10.0080064154197,47523362.0007341,0.121609301682645,0,69.806974930918,0.670206692899228,14578910.2512619,0.0050494728280638,0.00549406102102531,40563192.4238389,47523362.0007341,69.806974930918,0,217870069.104149,187381126.159151,30488942.9449985,6.14587152126538,0
