d_o_mm,n_orf,PF_tau,PF_gain,Cd0,CdInf,p_exp,Lori_mm,hA_W_perK,Dp_mm,d_w_mm,D_m_mm,n_turn,mu_ref,PF_t_on,f1,f2,PFA_mean,IDR_mean,pen,pen_dP,pen_Qcap,pen_cav,pen_T,pen_mu,x10_max_damperli,a10abs_max_damperli,dP95,Qcap95,cav_pct,T_end,mu_end,PF_p95,Q_q50,Q_q95,dP50,energy_tot_sum,E_orifice_sum,E_struct_sum,E_ratio,P_mech_sum
2.29313780166183,8,0.633799403884653,4.05257648308989,0.77986448135074,0.777205377786057,0.986532478012759,153.66731785662,600,139.42004046497,14.4198080285902,99.0403157119692,12,1.73098455439853,1.64983499087557,3.31217532422922,0.00264351889120765,3.31217532422922,0.00264351889120765,0,0,0,0,0,0,0.0578968993127109,4.9425238448512,1613376.31522685,0.0458446604368409,0,39.6349496246114,1.44681044842174,7247410.41416642,0.00154772350808617,0.00182315854963174,857041.739126785,30015469.4301425,8601554.20066478,21413915.2294777,0.401680594533416,369052.060309502
