d_o_mm,n_orf,g_lo,g_mid,g_hi,PF_tau,PF_gain,f1,f2,pen,pen_dP,pen_Qcap,pen_cav,pen_T,pen_mu,x10_max_damperli,a10abs_max_damperli,dP95_worst,Qcap95_worst,cav_pct_worst,T_end_worst,mu_end_worst,PF_p95_worst,Q_q50_worst,Q_q95_worst,dP_orf_q50_worst,dP_orf_q95_worst,T_oil_end_worst,T_steel_end_worst,energy_tot_sum,E_orifice_sum,E_struct_sum,E_ratio,P_mech_sum
3.1,6,3.95,3.875,1.7625,1.00625,0.885,5.02152641609153,0.00444667954375873,0,0,0,0,0,0,0.109440811819402,8.35677120670283,1372177.39620878,0.0285379141830011,0,55.4027938864086,0.507938087879555,2925058.59488704,0.00129585750492347,0.00158592362618537,919829.616496999,1372177.39620878,55.4027938864086,0,36275712.5284985,3320720.09997077,32954992.4285278,0.100765312180626,0
3.29250856955481,6,3.87730239010401,3.87954664817785,1.73257429262909,0.970030058275766,0.88221138337765,5.01598783987469,0.00444898690562512,0,0,0,0,0,0,0.109476603975429,8.33041672379763,1071485.25486741,0.0252004753373759,0,55.1978117932627,0.509205250309381,2945402.31313729,0.00129607280717197,0.00158698662327216,717338.223938551,1071485.25486741,55.1978117932627,0,35584493.054464,2632299.68183395,32952193.37263,0.0798823814872466,0
