d_o_mm,n_orf,PF_tau,PF_gain,Cd0,CdInf,p_exp,Lori_mm,hA_W_perK,Dp_mm,d_w_mm,D_m_mm,n_turn,mu_ref,f1,f2,pen,pen_dP,pen_Qcap,pen_cav,pen_T,pen_mu,x10_max_damperli,a10abs_max_damperli,dP95_worst,Qcap95_worst,cav_pct_worst,T_end_worst,mu_end_worst,PF_p95_worst,Q_q50_worst,Q_q95_worst,dP_orf_q50_worst,dP_orf_q95_worst,T_oil_end_worst,T_steel_end_worst,energy_tot_sum,E_orifice_sum,E_struct_sum,E_ratio,P_mech_sum
2.73164476464112,5,0.116102636039304,1.00621223222357,0.500219870645498,0.840822100588364,1.20319152900738,152.408239393976,584.371494804966,162.562735853749,12.7512160800495,96.5317607089789,8,1.22000053493077,3.99400865988968,0.00393474435093986,0,0,0,0,0,0,0.0919140637939375,5.96465940502426,12433901.1196372,0.0679049212355595,0,38.4735638710814,1.00719095812608,1735333.17460808,0.00211254185620884,0.00269377934908397,7735991.26888097,12433901.1196372,38.4735638710814,0,26632678.8352177,21050334.7587257,5582344.07649197,3.77087733580802,0
2.73164476464112,5,0.116102636039304,1.00621223222357,0.500219870645498,0.840822100588364,1.20319152900738,152.408239393976,584.371494804966,162.562735853749,12.7512160800495,96.5317607089789,8,1.22000053493077,3.99400865988968,0.00393474435093986,0,0,0,0,0,0,0.0919140637939375,5.96465940502426,12433901.1196372,0.0679049212355595,0,38.4735638710814,1.00719095812608,1735333.17460808,0.00211254185620884,0.00269377934908397,7735991.26888097,12433901.1196372,38.4735638710814,0,26632678.8352177,21050334.7587257,5582344.07649197,3.77087733580802,0
